<?xml version="1.0"?><metadata><idinfo><citation><citeinfo><origin>Minnesota Department of Transportation, Office of Freight and Commercial Vehicle Operations (OFCVO), Freight, Railroads, and Waterways Section</origin><title>Rail Lines, Minnesota</title><pubinfo><publish>Minnesota Department of Transportation Office of Freight and Commercial Vehicle Operations</publish></pubinfo><pubdate>2007</pubdate><onlink>https://gisdata.mn.gov/dataset/trans-rail-lines</onlink></citeinfo></citation><descript><abstract>This dataset depicts rail lines in Minnesota. It is a planning level dataset orginally developed at a scale of 1:24,000.</abstract><supplinf>State of Minnesota</supplinf><purpose>Due to gaps in the linework (see Logical Consistency), this data is recommended for statewide or regional scale uses, as viewing at large scales will reveal these gaps. This dataset does not contain network connectivity and is not usable for routing applications.  </purpose></descript><timeperd><current>The original digitization for the main lines was done from 1990-1995. These lines were edited for accuracy in 2006-2007 and additional rail lines and rail spurs were created by referencing the 2003 Farm Service Agency (FSA) color orthophotography.

The dataset has been updated continuously as information has come in to the Office of Freight and Commercial Vehicle Operations, Freight, Railroads, and Waterways Section.</current><timeinfo><sngdate><caldate>2015</caldate></sngdate></timeinfo></timeperd><status><progress>Complete</progress><update>As needed</update></status><spdom><bounding><westbc>-97.23</westbc><eastbc>-89.53</eastbc><northbc>49.37</northbc><southbc>43.5</southbc></bounding></spdom><keywords><place><placekey>Minnesota, MN</placekey></place><theme><themekt>ISO 19115 Topic Category</themekt><themekey>transportation, railroad, train, rail, railway</themekey></theme></keywords><accconst>None</accconst><useconst>http://www.dot.state.mn.us/information/disclaimer.html#disclaimers</useconst><crossref><citeinfo><title>To see other transportation related datasets, visit: https://gisdata.mn.gov/organization/us-mn-state-dot
To view other maps and data maintained by this office, visit: http://www.dot.state.mn.us/ofrw/freight/data.html</title></citeinfo></crossref><ptcontac><cntinfo><cntperp><cntorg>Minnesota Department of Transportation</cntorg><cntper>Mike Robinson</cntper></cntperp><cntpos>Research Data Analyst</cntpos><cntaddr><address>395 John Ireland Blvd.</address><city>Saint Paul</city><state>MN</state><postal>55155</postal></cntaddr><cntvoice>651-366-3667</cntvoice><cntemail>michael.robinson@state.mn.us</cntemail></cntinfo></ptcontac></idinfo><dataqual><complete>Entire state is covered, but linework gaps exist. </complete><posacc><horizpa><horizpar>Locational accuracy for features derived from USGS 7.5-minute quadrangles cannot be assumed to exceed National Map Accuracy Standards for 1:24,000 scale maps (+/- 40 feet or 12 meters). In addition, linework may not accurately reflect aerial imagery in some areas.</horizpar></horizpa><vertacc><vertaccr>Not Applicable</vertaccr></vertacc></posacc><lineage><procstep><procdesc>Sources: 
USGS 7.5-minute quadrangles
2003 Farm Service Agency (FSA) aerial photography
Minnesota Rail Grade Crossings -  (RAIL_ADMIN.RAIL_POINT_HISTORY)

Process Steps: 
The lines were originally digitized from the U.S. Geological Survey 1:24,000 scale topographic maps. During 1990-1995, the BaseMap data layers were digitized from USGS 7.5-minute quadrangles using MicroStation CADD. A total of 1745 quadrangles were digitized. For any given area, MnDOT used the most recent quadrangle available at that time. The digital MicroStation CADD files were converted from State Plane Coordinates to UTM and then converted into ARC/INFO coverages. The ARC/INFO files were merged into a statewide, seamless coverage and attributes were added. The coverage was later converted to an SDE Feature Class. 

The measures attached to this  linework were calibrated from milepoints in MnDOT's  "Minnesota Rail Grade Crossings" dataset.  This work is done in GIS any time there is a change (adding a line, adjusting a crossing, etc.)

This data originates the MnDOT's internal data warehouse. It is used to populate the MnDOT basemap and is provided to users who request a layer of all active rail lines. The dataset has been updated when information has come in to the Office of Freight and Commercial Vehicle Operations, Freight, Railroads, and Waterways Section.</procdesc></procstep></lineage><logic>No specific integrity tests have been performed, but there are known gaps in the linework.</logic><attracc><attraccr>The attributes have been reviewed and are deemed to be accurate</attraccr></attracc></dataqual><eainfo><detailed><enttyp><enttypl>mn_rail lines</enttypl><enttypds>MnDOT</enttypds></enttyp><attr><attrlabl>OBJECTID</attrlabl><attrdef>Internal feature number</attrdef><attrdefs>ESRI</attrdefs><attrdomv><udom>Sequential unique whole numbers that are automatically generated</udom></attrdomv></attr><attr><attrlabl>Shape</attrlabl><attrdef>Feature geometry</attrdef><attrdefs>ESRI</attrdefs><attrdomv><udom>Coordinates defining the features</udom></attrdomv></attr><attr><attrlabl>RAILROAD_S</attrlabl><attrdef>Unique route number field</attrdef><attrdefs>MnDOT</attrdefs></attr><attr><attrlabl>MAIN_RR_OP</attrlabl><attrdef>The letter code representing the name of the railroad</attrdef><attrdefs>MnDOT</attrdefs><attrdomv><edom><edomv>Class I Railroads:</edomv></edom></attrdomv><attrdomv><edom><edomv>BNSF</edomv><edomvd>BNSF</edomvd><edomvds>MnDOT</edomvds></edom></attrdomv><attrdomv><edom><edomv>CN</edomv><edomvd>Canadian National</edomvd><edomvds>MnDOT</edomvds></edom></attrdomv><attrdomv><edom><edomv>CP</edomv><edomvd>Canadian Pacific</edomvd><edomvds>MnDOT</edomvds></edom></attrdomv><attrdomv><edom><edomv>UP</edomv><edomvd>Union Pacific</edomvd><edomvds>MnDOT</edomvds></edom></attrdomv><attrdomv><edom><edomv>Class I Subsidiaries:</edomv><edomvds>MnDOT</edomvds></edom></attrdomv><attrdomv><edom><edomv>CEDR</edomv><edomvd>Cedar River Railroad</edomvd><edomvds>MnDOT</edomvds></edom></attrdomv><attrdomv><edom><edomv>DME</edomv><edomvd>Dakota, Minnesota and Eastern Railroad</edomvd><edomvds>MnDOT</edomvds></edom></attrdomv><attrdomv><edom><edomv>DMIR</edomv><edomvd>Duluth, Missabe and Iron Range Railway</edomvd><edomvds>MnDOT</edomvds></edom></attrdomv><attrdomv><edom><edomv>DWP</edomv><edomvd>Duluth, Winnipeg and Pacific Railway</edomvd><edomvds>MnDOT</edomvds></edom></attrdomv><attrdomv><edom><edomv>SOO</edomv><edomvd>Soo Line</edomvd><edomvds>MnDOT</edomvds></edom></attrdomv><attrdomv><edom><edomv>WC</edomv><edomvd>Wisconsin Central</edomvd><edomvds>MnDOT</edomvds></edom></attrdomv><attrdomv><edom><edomv>Class II Railroads:</edomv></edom></attrdomv><attrdomv><edom><edomv>RCPE</edomv><edomvd>Rapid City, Pierre &amp; Eastern</edomvd><edomvds>MnDOT</edomvds></edom></attrdomv><attrdomv><edom><edomv>Class III and Private Railroads:</edomv></edom></attrdomv><attrdomv><edom><edomv>CTRR</edomv><edomvd>Cloquet Terminal</edomvd><edomvds>MnDOT</edomvds></edom></attrdomv><attrdomv><edom><edomv>LSMR</edomv><edomvd>Lake Superior &amp; Mississippi</edomvd><edomvds>MnDOT</edomvds></edom></attrdomv><attrdomv><edom><edomv>MDW</edomv><edomvd>Minnesota, Dakota &amp; Western</edomvd><edomvds>MnDOT</edomvds></edom></attrdomv><attrdomv><edom><edomv>MNN</edomv><edomvd>Minnesota Northern</edomvd><edomvds>MnDOT</edomvds></edom></attrdomv><attrdomv><edom><edomv>MNNR</edomv><edomvd>Minnesota Commercial</edomvd><edomvds>MnDOT</edomvds></edom></attrdomv><attrdomv><edom><edomv>MPLI</edomv><edomvd>Minnesota Prairie Line</edomvd><edomvds>MnDOT</edomvds></edom></attrdomv><attrdomv><edom><edomv>MSWY</edomv><edomvd>Minnesota Southern</edomvd><edomvds>MnDOT</edomvds></edom></attrdomv><attrdomv><edom><edomv>NLR</edomv><edomvd>Northern Lines</edomvd><edomvds>MnDOT</edomvds></edom></attrdomv><attrdomv><edom><edomv>NPR</edomv><edomvd>Northern Plains</edomvd><edomvds>MnDOT</edomvds></edom></attrdomv><attrdomv><edom><edomv>NMCZ</edomv><edomvd>NorthShore Mining</edomvd><edomvds>MnDOT</edomvds></edom></attrdomv><attrdomv><edom><edomv>NSSR</edomv><edomvd>North Shore Scenic</edomvd><edomvds>MnDOT</edomvds></edom></attrdomv><attrdomv><edom><edomv>OTVR</edomv><edomvd>Otter Tail Valley</edomvd><edomvds>MnDOT</edomvds></edom></attrdomv><attrdomv><edom><edomv>PGR</edomv><edomvd>Progressive Rail</edomvd><edomvds>MnDOT</edomvds></edom></attrdomv><attrdomv><edom><edomv>RRVW</edomv><edomvd>Red River Valley &amp; Western</edomvd><edomvds>MnDOT</edomvds></edom></attrdomv><attrdomv><edom><edomv>SCXY</edomv><edomvd>St. Croix Valley</edomvd><edomvds>MnDOT</edomvds></edom></attrdomv><attrdomv><edom><edomv>TCWR</edomv><edomvd>Twin Cities &amp; Western</edomvd><edomvds>MnDOT</edomvds></edom></attrdomv><attrdomv><edom><edomv>ZLTV</edomv><edomvd>LTV Steel Mining</edomvd><edomvds>MnDOT</edomvds></edom></attrdomv></attr><attr><attrlabl>RR_DIVISIO</attrlabl><attrdef>The name of the rail division</attrdef><attrdefs>MnDOT</attrdefs></attr><attr><attrlabl>RR_SUBDIVI</attrlabl><attrdef>The name of the rail subdivision</attrdef><attrdefs>MnDOT</attrdefs></attr><attr><attrlabl>RR_SECTION</attrlabl><attrdef>The name of the section</attrdef><attrdefs>MnDOT</attrdefs></attr><attr><attrlabl>COMMENTS</attrlabl><attrdef>A field to hold miscellaneous comments from editors</attrdef><attrdefs>MnDOT</attrdefs></attr><attr><attrlabl>Shape_Length</attrlabl><attrdef>Geometry field for maintaining the length of the rail linework</attrdef><attrdefs>ESRI</attrdefs></attr></detailed><detailed><enttyp><enttypl>Class 1 Railroads and Ownership Codes</enttypl><enttypd>This table is intended to help with map labeling by providing the subsidiary "operator" codes for each class l rail line. See mn_rail_lines attribute table above for full subsidiary operator names.</enttypd><enttypds>MnDOT</enttypds></enttyp><attr><attrlabl>Display Label Name</attrlabl><attrdef>For lines with the following as "MAIN_RR_OP" attribute, label with value in the column to the left, as the railroads below are subsidiaries of the larger railroads to the left.</attrdef><attrdefs>MnDOT</attrdefs><attrdomv><edom><edomv>BNSF</edomv><edomvd>BNSF</edomvd><edomvds>MnDOT</edomvds></edom></attrdomv><attrdomv><edom><edomv>UP - Union Pacific</edomv><edomvd>UP</edomvd><edomvds>MnDOT</edomvds></edom></attrdomv><attrdomv><edom><edomv>CP - Canadian Pacific</edomv><edomvd>SOO, DME</edomvd><edomvds>MnDOT</edomvds></edom></attrdomv><attrdomv><edom><edomv>CN - Canadian National</edomv><edomvd>CEDR, CN, DMIR, DWP, WC</edomvd><edomvds>MnDOT</edomvds></edom></attrdomv></attr></detailed><overview><eaover>More information about Rail Lines in Minnesota can be found here: http://www.dot.state.mn.us/aboutrail/index.html 
More information about the office that maintains this dataset can be found here: http://www.dot.state.mn.us/ofrw/</eaover></overview></eainfo><distinfo><resdesc>SDW_TRANS.RAIL_ROUTE_ACTIVE</resdesc><distliab>USE OF THIS DOCUMENT IS SUBJECT TO MNDOT'S DISCLAIMERS, LEGAL NOTICES AND POLICIES FOUND at http://www.dot.state.mn.us/information/disclaimer.html</distliab><stdorder><ordering>See Online Linkage.</ordering></stdorder><distrib><cntinfo><cntperp><cntorg>Minnesota Department of Transportation</cntorg><cntper>Peter Morey</cntper></cntperp><cntpos>Data Systems and Coordination Section Director</cntpos><cntaddr><address>395 John Ireland Blvd.</address><city>Saint Paul</city><state>MN</state><postal>55155</postal></cntaddr><cntvoice>651-366-3872</cntvoice><cntfax>651-366-3886</cntfax><cntemail>linearreferencingsystem.admin.dot@state.mn.us</cntemail></cntinfo></distrib></distinfo><metainfo><metd>20160615</metd><metstdn>Minnesota Geographic Metadata Guidelines</metstdn><metstdv>1.2</metstdv><metextns><onlink>https://www.mngeo.state.mn.us/committee/standards/mgmg/metadata.htm</onlink></metextns><metc><cntinfo><cntperp><cntorg>Minnesota Department of Transportation</cntorg><cntper>Kyle House</cntper></cntperp><cntpos>Research Analyst Intermediate</cntpos><cntaddr><address>395 John Ireland Blvd.</address><city>Saint Paul</city><state>MN</state><postal>55155</postal></cntaddr><cntvoice>651-366-3873</cntvoice><cntfax>651-366-3886</cntfax><cntemail>linearreferencingsystem.admin.dot@state.mn.us</cntemail></cntinfo></metc></metainfo><spref><horizsys><planar><gridsys><gridsysn>Universal Transverse Mercator</gridsysn><utm><utmzone>15</utmzone></utm></gridsys><planci><plandu>meters</plandu></planci></planar><geodetic><horizdn>NAD83</horizdn><ellips>GRS80</ellips></geodetic></horizsys></spref></metadata>