<metadata>
	<idinfo>
		<citation>
			<citeinfo>
				<origin>Minnesota Department of Transportation  Office of Freight and Commercial  Vehicle Operations</origin>
				<pubdate>2007</pubdate>
				<title Sync="TRUE">SDW_TRANS.RAIL_ROUTE_ACTIVE</title>
				<geoform Sync="TRUE">vector digital data</geoform>
				<pubinfo>
					<publish>Minnesota Department of Transportation  Office of Freight and Commercial  Vehicle Operations</publish>
				</pubinfo>
				<onlink Sync="TRUE">Service=sde:oracle10g:/;local=tgp; User=dick1son; Version=SDE.DEFAULT</onlink>
				<ftname Sync="TRUE">SDW_TRANS.RAIL_ROUTE_ACTIVE</ftname>
			</citeinfo>
		</citation>
		<descript>
			<abstract>This dataset depicts rail lines in Minnesota.

The lines were calibrated from the point feature class "Minnesota Rail Grade Crossings" (RAIL_ADMIN.RAIL_POINT_HISTORY).</abstract>
			<purpose/>
			<supplinf>Minnesota</supplinf>
			<langdata Sync="TRUE">en</langdata>
		</descript>
		<timeperd>
			<timeinfo>
				<sngdate>
					<caldate/>
				</sngdate>
			</timeinfo>
			<current>The original digitization for the main  lines was done from 1990-1995. These lines were edited for accuracy  in 2006-2007 and additional rail lines and rail spurs were created by referencing the 2003 Farm Service Agency (FSA) color orthophotography.</current>
		</timeperd>
		<status>
			<progress>In work</progress>
			<update>As needed</update>
		</status>
		<spdom>
			<bounding>
				<westbc Sync="TRUE">-97.508970</westbc>
				<eastbc Sync="TRUE">-89.028990</eastbc>
				<northbc Sync="TRUE">49.652543</northbc>
				<southbc Sync="TRUE">43.192405</southbc>
			</bounding>
			<lboundng>
				<leftbc Sync="TRUE">174000.000000</leftbc>
				<rightbc Sync="TRUE">787000.000000</rightbc>
				<bottombc Sync="TRUE">4790000.000000</bottombc>
				<topbc Sync="TRUE">5500000.000000</topbc>
			</lboundng>
		</spdom>
		<keywords>
			<theme>
				<themekt/>
				<themekey>railroad, train, rail, railway, transportation</themekey>
			</theme>
			<place>
				<placekey>Minnesota</placekey>
			</place>
		</keywords>
		<accconst>None</accconst>
		<useconst>By accepting this data, the user agrees not to transmit this data or provide access to it or any part of it to another party unless the user shall include with the data a copy of the disclaimer.</useconst>
		<ptcontac>
			<cntinfo>
				<cntperp>
					<cntper>Jon Osmond</cntper>
					<cntorg>Minnesota Department of Transportation  Office of Freight and Commercial  Vehicle Operations</cntorg>
				</cntperp>
				<cntpos>Transportation Planner</cntpos>
				<cntaddr>
					<address>395 John Ireland Blvd</address>
					<city>Saint Paul</city>
					<state>MN</state>
					<postal>55155</postal>
				</cntaddr>
				<cntvoice>651-366-3693</cntvoice>
				<cntfax>651-366-3721</cntfax>
				<cntemail>jonathan.osmond@dot.state.mn.us</cntemail>
			</cntinfo>
		</ptcontac>
		<browse>
			<browsen>None available</browsen>
			<browsed/>
		</browse>
		<native Sync="TRUE">Microsoft Windows XP Version 5.1 (Build 2600) Service Pack 3; ESRI ArcCatalog 9.3.1.3500</native>
		<crossref>
			<citeinfo>
				<title>Rail Grade Crossings.</title>
			</citeinfo>
		</crossref>
		<natvform Sync="TRUE">SDE Feature Class</natvform>
	</idinfo>
	<dataqual>
		<attracc>
			<attraccr/>
		</attracc>
		<logic/>
		<complete>Entire state</complete>
		<posacc>
			<horizpa>
				<horizpar>Locational accuracy for features derived from USGS 7.5-minute quadrangles cannot be assumed to exceed National Map Accuracy Standards for 1:24,000 scale maps (+/- 40 feet or 12 meters).</horizpar>
			</horizpa>
			<vertacc>
				<vertaccr/>
			</vertacc>
		</posacc>
		<lineage>
			<srcinfo>
				<srcscale/>
			</srcinfo>
			<procstep>
				<procdesc>Data Source: 
1:24,000-scale USGS 7.5-minute quadrangles 

Processing Steps: 
During the time period 1990-1995, the BaseMap data layers were digitized from USGS 7.5-minute quadrangles using MicroStation CADD. A total of 1745 quadrangles were digitized. For any given area, Mn/DOT used the most recent quadrangle available at that time. The digital MicroStation CADD files were converted from State Plane Coordinates to UTM and then converted into ARC/INFO coverages. The ARC/INFO files were merged into statewide, seamless coverages and then attributes were added. The coverage has been updated continuously as information has come in to the Geographic Information and Mapping Unit.</procdesc>
			</procstep>
			<procstep>
				<procdesc Sync="TRUE">Metadata imported.</procdesc>
				<srcused Sync="TRUE">C:\Temp\Metadata\railroute_active.xml</srcused>
				<date Sync="TRUE">20080605</date>
				<time Sync="TRUE">12492800</time>
			</procstep>
			<procstep>
				<procdesc Sync="TRUE">Metadata imported.</procdesc>
				<srcused Sync="TRUE">V:\GIS_Data\MnDOT_Data\Metadata\SDWRail_RouteActivemetadata.xml</srcused>
				<procdate Sync="TRUE">20120306</procdate>
				<proctime Sync="TRUE">10065500</proctime>
			</procstep>
		</lineage>
	</dataqual>
	<spdoinfo>
		<indspref/>
		<direct Sync="TRUE">Vector</direct>
		<ptvctinf>
			<esriterm Name="rail_lines">
				<efeatyp Sync="TRUE">Simple</efeatyp>
				<efeageom code="3" Sync="TRUE"/>
				<esritopo Sync="TRUE">FALSE</esritopo>
				<efeacnt Sync="TRUE">0</efeacnt>
				<spindex Sync="TRUE">FALSE</spindex>
				<linrefer Sync="TRUE">TRUE</linrefer>
			</esriterm>
		</ptvctinf>
	</spdoinfo>
	<spref>
		<horizsys>
			<planar>
				<planci>
					<plance Sync="TRUE">coordinate pair</plance>
					<coordrep>
						<absres Sync="TRUE">0.001000</absres>
						<ordres Sync="TRUE">0.001000</ordres>
					</coordrep>
					<plandu Sync="TRUE">meters</plandu>
				</planci>
			</planar>
			<geodetic>
				<horizdn Sync="TRUE">North American Datum of 1983</horizdn>
				<ellips Sync="TRUE">Geodetic Reference System 80</ellips>
				<semiaxis Sync="TRUE">6378137.000000</semiaxis>
				<denflat Sync="TRUE">298.257222</denflat>
			</geodetic>
			<cordsysn>
				<geogcsn Sync="TRUE">GCS_North_American_1983</geogcsn>
				<projcsn Sync="TRUE">NAD_1983_UTM_Zone_15N</projcsn>
			</cordsysn>
		</horizsys>
		<vertdef>
			<altsys>
				<altres Sync="TRUE">1.000000</altres>
				<altenc Sync="TRUE">Explicit elevation coordinate included with horizontal coordinates</altenc>
			</altsys>
		</vertdef>
	</spref>
	<eainfo>
		<detailed Name="rail_lines">
			<enttyp>
				<enttypl Sync="TRUE">rail_lines</enttypl>
				<enttypt Sync="TRUE">Feature Class</enttypt>
				<enttypc Sync="TRUE">0</enttypc>
			</enttyp>
			<attr>
				<attrlabl Sync="TRUE">FID</attrlabl>
				<attalias Sync="TRUE">FID</attalias>
				<attrtype Sync="TRUE">OID</attrtype>
				<attwidth Sync="TRUE">4</attwidth>
				<atprecis Sync="TRUE">0</atprecis>
				<attscale Sync="TRUE">0</attscale>
				<attrdef Sync="TRUE">Internal feature number.</attrdef>
				<attrdefs Sync="TRUE">Esri</attrdefs>
				<attrdomv>
					<udom Sync="TRUE">Sequential unique whole numbers that are automatically generated.</udom>
				</attrdomv>
			</attr>
			<attr>
				<attrlabl>COMMENTS</attrlabl>
				<attalias Sync="TRUE">COMMENTS</attalias>
				<attrtype Sync="TRUE">String</attrtype>
				<attwidth Sync="TRUE">50</attwidth>
				<atprecis Sync="TRUE">0</atprecis>
				<attscale Sync="TRUE">0</attscale>
			</attr>
			<attr>
				<attrlabl Sync="TRUE">RAILROAD_S</attrlabl>
				<attalias Sync="TRUE">RAILROAD_S</attalias>
				<attrtype Sync="TRUE">Double</attrtype>
				<attwidth Sync="TRUE">19</attwidth>
				<atprecis Sync="TRUE">0</atprecis>
				<attscale Sync="TRUE">0</attscale>
			</attr>
			<attr>
				<attrlabl Sync="TRUE">MAIN_RR_OP</attrlabl>
				<attalias Sync="TRUE">MAIN_RR_OP</attalias>
				<attrtype Sync="TRUE">String</attrtype>
				<attwidth Sync="TRUE">50</attwidth>
				<atprecis Sync="TRUE">0</atprecis>
				<attscale Sync="TRUE">0</attscale>
			</attr>
			<attr>
				<attrlabl Sync="TRUE">RR_DIVISIO</attrlabl>
				<attalias Sync="TRUE">RR_DIVISIO</attalias>
				<attrtype Sync="TRUE">String</attrtype>
				<attwidth Sync="TRUE">30</attwidth>
				<atprecis Sync="TRUE">0</atprecis>
				<attscale Sync="TRUE">0</attscale>
			</attr>
			<attr>
				<attrlabl Sync="TRUE">RR_SUBDIVI</attrlabl>
				<attalias Sync="TRUE">RR_SUBDIVI</attalias>
				<attrtype Sync="TRUE">String</attrtype>
				<attwidth Sync="TRUE">30</attwidth>
				<atprecis Sync="TRUE">0</atprecis>
				<attscale Sync="TRUE">0</attscale>
			</attr>
			<attr>
				<attrlabl Sync="TRUE">RR_SECTION</attrlabl>
				<attalias Sync="TRUE">RR_SECTION</attalias>
				<attrtype Sync="TRUE">String</attrtype>
				<attwidth Sync="TRUE">50</attwidth>
				<atprecis Sync="TRUE">0</atprecis>
				<attscale Sync="TRUE">0</attscale>
			</attr>
			<attr>
				<attrlabl>SHAPE</attrlabl>
				<attrdef>Feature geometry.</attrdef>
				<attrdefs>ESRI</attrdefs>
				<attrdomv>
					<udom>Coordinates defining the features.</udom>
				</attrdomv>
				<attalias Sync="TRUE">Shape</attalias>
				<attrtype Sync="TRUE">Geometry</attrtype>
				<attwidth Sync="TRUE">0</attwidth>
				<atprecis Sync="TRUE">0</atprecis>
				<attscale Sync="TRUE">0</attscale>
			</attr>
			<attr>
				<attrlabl Sync="TRUE">Shape_Leng</attrlabl>
				<attalias Sync="TRUE">Shape_Leng</attalias>
				<attrtype Sync="TRUE">Double</attrtype>
				<attwidth Sync="TRUE">19</attwidth>
				<atprecis Sync="TRUE">0</atprecis>
				<attscale Sync="TRUE">0</attscale>
			</attr>
		</detailed>
		<overview>
			<eaover>MAIN_RR_OPERATOR_CODE
RAIL_SECTION_ID
RR_DIVISION_CODE
RR_SUBDIVISION_CODE
RR_SECTION_CODE
PROPOSED_DATE
ACTIVE_DATE
RETIRE_DATE
EDITED_DATE
COMMENTS
SHAPE
SHAPE_LENGTH</eaover>
			<eadetcit>MAIN_RR_OPERATOR_CODE: The code representing the name of the Railroad
RAIL_SECTION_ID: Unique route number field.  Serves as the unique identifier for this data table.
RR_DIVISION_CODE: The name of the Rail Division
RR_SUBDIVISION_CODE: The name of the Rail Subdivision
RR_SECTION_CODE: The name of the Section
PROPOSED_DATE: The date the rail line was proposed.
ACTIVE_DATE: The date the rail line was activated.
RETIRE_DATE: The date the rail line was retired.
EDITED_DATE: The date the feature was lasted edited.
COMMENTS: A field to hold miscellaneous comments from editors.
SHAPE: Geometry field for maintaining the rail line work.
SHAPE_LENGTH: Geometry field for maintaining the length of the rail line work.</eadetcit>
		</overview>
	</eainfo>
	<distinfo>
		<distrib>
			<cntinfo>
				<cntperp>
					<cntper>Jon Osmond</cntper>
					<cntorg>Minnesota Department of Transportation  Office of Freight and Commercial  Vehicle Operations</cntorg>
				</cntperp>
				<cntpos>Transportation Planner</cntpos>
				<cntaddr>
					<address>395 John Ireland Blvd</address>
					<city>Saint Paul</city>
					<state>MN</state>
					<postal>55155</postal>
				</cntaddr>
				<cntvoice>651-366-3693</cntvoice>
				<cntfax>651-366-3721</cntfax>
				<cntemail>jonathan.osmond@dot.state.mn.us</cntemail>
			</cntinfo>
		</distrib>
		<resdesc/>
		<distliab>The Minnesota Department of Transportation makes no representation or warranties, express or implied, with respect to the reuse of data provided herewith, regardless of its format or the means of its transmission. There is no guarantee or representation to the user as to the accuracy, currency, suitability, or reliability of this data for any purpose. The user accepts the data 'as is', and assumes all risks associated with its use. By accepting this data, the user agrees not to transmit this data or provide access to it or any part of it to another party unless the user shall include with the data a copy of this disclaimer. The Minnesota Department of Transportation assumes no responsibility for actual or consequential damage incurred as a result of any user's reliance on this data.</distliab>
		<stdorder>
			<digform>
				<digtinfo>
					<formname/>
					<formvern/>
					<transize/>
				</digtinfo>
			</digform>
			<ordering/>
		</stdorder>
	</distinfo>
	<metainfo>
		<metd Sync="TRUE">20120306</metd>
		<metc>
			<cntinfo>
				<cntperp>
					<cntper>Jon Osmond</cntper>
					<cntorg>Minnesota Department of Transportation  Office of Freight and Commercial  Vehicle Operations</cntorg>
				</cntperp>
				<cntorgp>
					<cntorg>REQUIRED: The organization responsible for the metadata information.</cntorg>
					<cntper>REQUIRED: The person responsible for the metadata information.</cntper>
				</cntorgp>
				<cntpos>Transportation Planner</cntpos>
				<cntaddr>
					<addrtype>REQUIRED: The mailing and/or physical address for the organization or individual.</addrtype>
					<address>395 John Ireland Blvd</address>
					<city>Saint Paul</city>
					<state>MN</state>
					<postal>55155</postal>
				</cntaddr>
				<cntvoice>651-366-3693</cntvoice>
				<cntfax>651-366-3721</cntfax>
				<cntemail>jonathan.osmond@dot.state.mn.us</cntemail>
			</cntinfo>
		</metc>
		<metstdn Sync="TRUE">FGDC Content Standards for Digital Geospatial Metadata</metstdn>
		<metstdv Sync="TRUE">FGDC-STD-001-1998</metstdv>
		<mettc Sync="TRUE">local time</mettc>
		<metextns>
			<onlink>http://www.gis.state.mn.us/stds/metadata.htm</onlink>
		</metextns>
		<metextns>
			<onlink>http://www.esri.com/metadata/esriprof80.html</onlink>
			<metprof>ESRI Metadata Profile</metprof>
		</metextns>
		<langmeta Sync="TRUE">en</langmeta>
	</metainfo>
	<Esri>
		<CreaDate>20150423</CreaDate>
		<CreaTime>08211200</CreaTime>
		<SyncOnce>FALSE</SyncOnce>
		<SyncDate>20220421</SyncDate>
		<SyncTime>14120400</SyncTime>
		<ModDate>20220421</ModDate>
		<ModTime>14120400</ModTime>
		<DataProperties>
			<itemProps>
				<itemName Sync="TRUE">rail_lines</itemName>
				<imsContentType Sync="TRUE">002</imsContentType>
				<itemSize Sync="TRUE">0.000</itemSize>
				<itemLocation>
					<linkage Sync="TRUE">file://\\g46palgdrftp001\Z\var\ftp\gdrs_temp\update\us_mn_state_dot\trans_rail_lines\shp\rail_lines.shp</linkage>
					<protocol Sync="TRUE">Local Area Network</protocol>
				</itemLocation>
			</itemProps>
			<coordRef>
				<type Sync="TRUE">Projected</type>
				<geogcsn Sync="TRUE">GCS_North_American_1983</geogcsn>
				<csUnits Sync="TRUE">Linear Unit: Meter (1.000000)</csUnits>
				<projcsn Sync="TRUE">NAD_1983_UTM_Zone_15N</projcsn>
				<peXml Sync="TRUE">&lt;ProjectedCoordinateSystem xsi:type='typens:ProjectedCoordinateSystem' xmlns:xsi='http://www.w3.org/2001/XMLSchema-instance' xmlns:xs='http://www.w3.org/2001/XMLSchema' xmlns:typens='http://www.esri.com/schemas/ArcGIS/10.4'&gt;&lt;WKT&gt;PROJCS[&amp;quot;NAD_1983_UTM_Zone_15N&amp;quot;,GEOGCS[&amp;quot;GCS_North_American_1983&amp;quot;,DATUM[&amp;quot;D_North_American_1983&amp;quot;,SPHEROID[&amp;quot;GRS_1980&amp;quot;,6378137.0,298.257222101]],PRIMEM[&amp;quot;Greenwich&amp;quot;,0.0],UNIT[&amp;quot;Degree&amp;quot;,0.0174532925199433]],PROJECTION[&amp;quot;Transverse_Mercator&amp;quot;],PARAMETER[&amp;quot;False_Easting&amp;quot;,500000.0],PARAMETER[&amp;quot;False_Northing&amp;quot;,0.0],PARAMETER[&amp;quot;Central_Meridian&amp;quot;,-93.0],PARAMETER[&amp;quot;Scale_Factor&amp;quot;,0.9996],PARAMETER[&amp;quot;Latitude_Of_Origin&amp;quot;,0.0],UNIT[&amp;quot;Meter&amp;quot;,1.0],AUTHORITY[&amp;quot;EPSG&amp;quot;,26915]]&lt;/WKT&gt;&lt;XOrigin&gt;-5120900&lt;/XOrigin&gt;&lt;YOrigin&gt;-9998100&lt;/YOrigin&gt;&lt;XYScale&gt;450445547.3910538&lt;/XYScale&gt;&lt;ZOrigin&gt;-100000&lt;/ZOrigin&gt;&lt;ZScale&gt;10000&lt;/ZScale&gt;&lt;MOrigin&gt;-100000&lt;/MOrigin&gt;&lt;MScale&gt;10000&lt;/MScale&gt;&lt;XYTolerance&gt;0.001&lt;/XYTolerance&gt;&lt;ZTolerance&gt;0.001&lt;/ZTolerance&gt;&lt;MTolerance&gt;0.001&lt;/MTolerance&gt;&lt;HighPrecision&gt;true&lt;/HighPrecision&gt;&lt;WKID&gt;26915&lt;/WKID&gt;&lt;LatestWKID&gt;26915&lt;/LatestWKID&gt;&lt;/ProjectedCoordinateSystem&gt;</peXml>
			</coordRef>
			<lineage>
				<Process ToolSource="c:\program files (x86)\arcgis\desktop10.2\ArcToolbox\Toolboxes\Conversion Tools.tbx\FeatureClassToFeatureClass" Date="20150421" Time="111052">FeatureClassToFeatureClass \\EDC1AdminFS01\home\hauchterlonie\Documents\Staging\trans_railroads\shp\SDW_TRANS_RAIL_ROUTE_ACTIVE.shp \\EDC1AdminFS01\home\hauchterlonie\Documents\Staging\trans_railroads\fgdb\trans_railroads.gdb mn_railroads # "RAILROAD_S "RAILROAD_S" true true false 10 Double 0 10 ,First,#,\\EDC1AdminFS01\home\hauchterlonie\Documents\Staging\trans_railroads\shp\SDW_TRANS_RAIL_ROUTE_ACTIVE.shp,RAILROAD_S,-1,-1;MAIN_RR_OP "MAIN_RR_OP" true true false 50 Text 0 0 ,First,#,\\EDC1AdminFS01\home\hauchterlonie\Documents\Staging\trans_railroads\shp\SDW_TRANS_RAIL_ROUTE_ACTIVE.shp,MAIN_RR_OP,-1,-1;RR_DIVISIO "RR_DIVISIO" true true false 30 Text 0 0 ,First,#,\\EDC1AdminFS01\home\hauchterlonie\Documents\Staging\trans_railroads\shp\SDW_TRANS_RAIL_ROUTE_ACTIVE.shp,RR_DIVISIO,-1,-1;RR_SUBDIVI "RR_SUBDIVI" true true false 30 Text 0 0 ,First,#,\\EDC1AdminFS01\home\hauchterlonie\Documents\Staging\trans_railroads\shp\SDW_TRANS_RAIL_ROUTE_ACTIVE.shp,RR_SUBDIVI,-1,-1;RR_SECTION "RR_SECTION" true true false 50 Text 0 0 ,First,#,\\EDC1AdminFS01\home\hauchterlonie\Documents\Staging\trans_railroads\shp\SDW_TRANS_RAIL_ROUTE_ACTIVE.shp,RR_SECTION,-1,-1;COMMENTS "COMMENTS" true true false 50 Text 0 0 ,First,#,\\EDC1AdminFS01\home\hauchterlonie\Documents\Staging\trans_railroads\shp\SDW_TRANS_RAIL_ROUTE_ACTIVE.shp,COMMENTS,-1,-1;SHAPE_LEN "SHAPE_LEN" true true false 19 Double 0 0 ,First,#,\\EDC1AdminFS01\home\hauchterlonie\Documents\Staging\trans_railroads\shp\SDW_TRANS_RAIL_ROUTE_ACTIVE.shp,SHAPE_LEN,-1,-1" #</Process>
				<Process ToolSource="C:\program files\arcgis\server\ArcToolbox\Toolboxes\Conversion Tools.tbx\FeatureClassToFeatureClass" Date="20220421" Time="141204">FeatureClassToFeatureClass /var/ftp/gdrs_temp/update\us_mn_state_dot\trans_rail_lines\fgdb\trans_rail_lines.gdb\rail_lines /var/ftp/gdrs_temp/update\us_mn_state_dot\trans_rail_lines\shp rail_lines.shp # "RAILROAD_S "RAILROAD_S" true true false 8 Double 0 0 ,First,#,/var/ftp/gdrs_temp/update\us_mn_state_dot\trans_rail_lines\fgdb\trans_rail_lines.gdb\rail_lines,RAILROAD_S,-1,-1;MAIN_RR_OP "MAIN_RR_OP" true true false 50 Text 0 0 ,First,#,/var/ftp/gdrs_temp/update\us_mn_state_dot\trans_rail_lines\fgdb\trans_rail_lines.gdb\rail_lines,MAIN_RR_OP,-1,-1;RR_DIVISIO "RR_DIVISIO" true true false 30 Text 0 0 ,First,#,/var/ftp/gdrs_temp/update\us_mn_state_dot\trans_rail_lines\fgdb\trans_rail_lines.gdb\rail_lines,RR_DIVISIO,-1,-1;RR_SUBDIVI "RR_SUBDIVI" true true false 30 Text 0 0 ,First,#,/var/ftp/gdrs_temp/update\us_mn_state_dot\trans_rail_lines\fgdb\trans_rail_lines.gdb\rail_lines,RR_SUBDIVI,-1,-1;RR_SECTION "RR_SECTION" true true false 50 Text 0 0 ,First,#,/var/ftp/gdrs_temp/update\us_mn_state_dot\trans_rail_lines\fgdb\trans_rail_lines.gdb\rail_lines,RR_SECTION,-1,-1;COMMENTS "COMMENTS" true true false 50 Text 0 0 ,First,#,/var/ftp/gdrs_temp/update\us_mn_state_dot\trans_rail_lines\fgdb\trans_rail_lines.gdb\rail_lines,COMMENTS,-1,-1;Shape_Leng "Shape_Leng" false true true 8 Double 0 0 ,First,#,/var/ftp/gdrs_temp/update\us_mn_state_dot\trans_rail_lines\fgdb\trans_rail_lines.gdb\rail_lines,Shape_Length,-1,-1" #</Process>
			</lineage>
		</DataProperties>
		<ArcGISFormat>1.0</ArcGISFormat>
		<ArcGISstyle>FGDC CSDGM Metadata</ArcGISstyle>
	</Esri>
	<dataIdInfo>
		<envirDesc Sync="TRUE">Microsoft Windows XP Professional x64 Edition Version 5.2 (Build 3790) Service Pack 2; Esri ArcGIS 10.4.1.5686</envirDesc>
		<dataLang>
			<languageCode Sync="TRUE" value="en"/>
			<countryCode value="US" Sync="TRUE"/>
		</dataLang>
		<idCitation>
			<resTitle Sync="TRUE">rail_lines</resTitle>
			<presForm>
				<PresFormCd Sync="TRUE" value="005"/>
			</presForm>
		</idCitation>
		<spatRpType>
			<SpatRepTypCd Sync="TRUE" value="001"/>
		</spatRpType>
		<dataExt>
			<geoEle>
				<GeoBndBox esriExtentType="native">
					<westBL Sync="TRUE">174000</westBL>
					<eastBL Sync="TRUE">787000</eastBL>
					<northBL Sync="TRUE">5500000</northBL>
					<southBL Sync="TRUE">4790000</southBL>
					<exTypeCode Sync="TRUE">1</exTypeCode>
				</GeoBndBox>
			</geoEle>
		</dataExt>
		<geoBox esriExtentType="decdegrees">
			<westBL Sync="TRUE">-97.50897</westBL>
			<eastBL Sync="TRUE">-89.02899</eastBL>
			<northBL Sync="TRUE">49.652543</northBL>
			<southBL Sync="TRUE">43.192405</southBL>
			<exTypeCode Sync="TRUE">1</exTypeCode>
		</geoBox>
	</dataIdInfo>
	<mdLang>
		<languageCode Sync="TRUE" value="en"/>
		<countryCode value="US" Sync="TRUE"/>
	</mdLang>
	<mdStanName Sync="TRUE">ISO 19115 Geographic Information - Metadata</mdStanName>
	<mdStanVer Sync="TRUE">DIS_ESRI1.0</mdStanVer>
	<mdChar>
		<CharSetCd Sync="TRUE" value="006"/>
	</mdChar>
	<mdHrLv>
		<ScopeCd Sync="TRUE" value="005"/>
	</mdHrLv>
	<mdHrLvName Sync="TRUE">dataset</mdHrLvName>
	<distInfo>
		<distributor>
			<distorTran>
				<onLineSrc>
					<orDesc Sync="TRUE">002</orDesc>
					<linkage Sync="TRUE">file://Service=sde:oracle10g:/;local=tgp; User=dick1son; Version=SDE.DEFAULT</linkage>
					<protocol Sync="TRUE">Local Area Network</protocol>
				</onLineSrc>
			</distorTran>
			<distorFormat>
				<formatName Sync="TRUE">SDE Feature Class</formatName>
			</distorFormat>
		</distributor>
		<distFormat>
			<formatName Sync="TRUE">Shapefile</formatName>
		</distFormat>
		<distTranOps>
			<transSize Sync="TRUE">0.000</transSize>
		</distTranOps>
	</distInfo>
	<refSysInfo>
		<RefSystem>
			<refSysID>
				<identCode Sync="TRUE" code="26915">NAD_1983_UTM_Zone_15N</identCode>
				<idCodeSpace Sync="TRUE">EPSG</idCodeSpace>
				<idVersion Sync="TRUE">6.13(3.0.1)</idVersion>
			</refSysID>
		</RefSystem>
	</refSysInfo>
	<spatRepInfo>
		<VectSpatRep>
			<geometObjs Name="rail_lines">
				<geoObjTyp>
					<GeoObjTypCd value="002" Sync="TRUE"/>
				</geoObjTyp>
				<geoObjCnt Sync="TRUE">0</geoObjCnt>
			</geometObjs>
			<topLvl>
				<TopoLevCd value="001" Sync="TRUE"/>
			</topLvl>
		</VectSpatRep>
	</spatRepInfo>
	<mdDateSt Sync="TRUE">20220421</mdDateSt>
</metadata>
