<?xml version="1.0"?><metadata><idinfo><citation><citeinfo><origin>Minnesota Department of Agriculture</origin><pubdate>20080512</pubdate><title>Ethanol Plants, Minnesota</title><pubinfo><publish>Minnesota Department of Agriculture</publish></pubinfo><onlink>http://gisdata.mn.gov/dataset/util-ethanol-plant-locations</onlink></citeinfo></citation><descript><abstract>Locations of commercial ethanol manufacturing plants in the state of Minnesota as identified to the Department of Agriculture.</abstract><purpose>This data set was developed with the intent of enabling GIS professionals, regulatory personnel, and emergency responders with accurate information regarding the locations of ethanol plants in Minnesota. This is considered industrial information and is not consumer oriented since the products dispensed require bulk purchases and/or licensed users. </purpose><supplinf>Statewide</supplinf></descript><timeperd><current>Data current as of September 2009</current><timeinfo><sngdate><caldate>20140807</caldate></sngdate></timeinfo></timeperd><status><progress>Complete</progress><update>As needed</update></status><spdom><bounding><westbc>-96.217919</westbc><eastbc>-92.048108</eastbc><northbc>46.350573</northbc><southbc>43.530949</southbc></bounding></spdom><keywords><theme><themekey>Ethanol, Ethanol Plants, Utilities, Industry</themekey></theme><place><placekey>Minnesota</placekey></place></keywords><useconst>By acceptance of this data, the user agrees to include a copy of this metadata record, including the liability disclaimer, whenever the user transmits or provides the GIS Data (or any portion of it) to another user.</useconst><accconst>None.</accconst><ptcontac><cntinfo><cntperp><cntorg>Minnesota Department of Agriculture</cntorg><cntper>Kevin Hennessy</cntper></cntperp><cntpos>Bioenergy Manager</cntpos><cntaddr><addrtype>Mailing and Physical</addrtype><address>625 Robert Street North</address><city>St. Paul</city><state>MN</state><postal>55155</postal></cntaddr><cntvoice>651-201-6223</cntvoice><cntemail>kevin.hennessy@state.mn.us</cntemail></cntinfo></ptcontac></idinfo><dataqual><complete>Data is complete as of September 2009</complete><posacc><horizpa><horizpar>N/A</horizpar></horizpa><vertacc><vertaccr>N/A</vertaccr></vertacc></posacc><logic>Points have been verified whenever possible using air photos.</logic></dataqual><eainfo><detailed><enttyp><enttypl>Table of attributes associated with Ethanol Plants in Minnesota</enttypl></enttyp><attr><attrlabl>ID</attrlabl><attrdef>Unique ID for the data set.</attrdef></attr><attr><attrlabl>PLANTNAME</attrlabl><attrdef>Name of the facility.</attrdef></attr><attr><attrlabl>STREET</attrlabl><attrdef>Street of mailing address</attrdef></attr><attr><attrlabl>CITY</attrlabl><attrdef>City of mailing address</attrdef></attr><attr><attrlabl>STATE</attrlabl><attrdef>State of mailing address</attrdef></attr><attr><attrlabl>ZIP</attrlabl><attrdef>Zip code of mailing address</attrdef></attr><attr><attrlabl>MGAL_YR</attrlabl><attrdef>Estimated or reported annual ethanol production in Millions of Gallons.</attrdef></attr><attr><attrlabl>CONFIDENCE</attrlabl><attrdef>A rating of the confidence the agency has in the location.</attrdef><attrdomv><edom><edomv>1</edomv><edomvd>Very High: Location has been GPS'd or identified using heads-up digitizing by a knowledgeable party over high-resolution aerial photography</edomvd></edom></attrdomv><attrdomv><edom><edomv>2</edomv><edomvd>High: Location has been address matched with a high degree of confidence using multiple levels of complete street, city, and zip code information</edomvd></edom></attrdomv><attrdomv><edom><edomv>3</edomv><edomvd>Medium: Location has been matched to a Public Land Survey (PLS) description to the section level or beyond</edomvd></edom></attrdomv><attrdomv><edom><edomv>4</edomv><edomvd>Low: Location has been matched to a Public Land Survey (PLS) description at the township level, or a zip code, city or county centroid</edomvd></edom></attrdomv><attrdomv><edom><edomv>5</edomv><edomvd>Unknown: Unknown methods were used to create the location</edomvd></edom></attrdomv></attr></detailed></eainfo><distinfo><resdesc>util_ethanol_plant_locations</resdesc><distliab>This data was developed by the Minnesota Department of Agriculture (MDA) for its own internal business purposes. MDA DOES NOT REPRESENT OR WARRANT THAT THE DATA OR DOCUMENTATION ARE ERROR-FREE, COMPLETE, CURRENT, OR ACCURATE. The user accepts the data 'as is', and is responsible for any consequences resulting from its use. The user should consult the data documentation for this particular data to determine its limitations and the precision with which it may depict distance, direction, location, or other geographic features. By accepting this data, the user agrees not to transmit this data or provide access to it or any part of it to another party unless the user shall include with the data a copy of this disclaimer.</distliab><distrib><cntinfo><cntperp><cntorg>Minnesota Department of Agriculture</cntorg><cntper>Karl Hillstrom</cntper></cntperp><cntpos>GIS Specialist, MN.IT</cntpos><cntaddr><addrtype>mailing and physical</addrtype><address>625 Robert Street North</address><city>Saint Paul</city><state>MN</state><postal>55155</postal></cntaddr><cntvoice>651-201-6087</cntvoice><cntfax>651-201-6102</cntfax><cntemail>Karl.Hillstrom@state.mn.us</cntemail></cntinfo></distrib></distinfo><metainfo><metd>20160314</metd><metstdn>Minnesota Geographic Metadata Guidelines</metstdn><metstdv>1.2</metstdv><metextns><onlink>http://www.mngeo.state.mn.us/committee/standards/mgmg/metadata.htm</onlink></metextns><metc><cntinfo><cntperp><cntorg>Minnesota Department of Agriculture</cntorg><cntper>Karl Hillstrom</cntper></cntperp><cntpos>GIS Specialist, MN.IT</cntpos><cntaddr><addrtype>mailing and physical</addrtype><address>625 Robert Street North</address><city>Saint Paul</city><state>MN</state><postal>55155</postal></cntaddr><cntvoice>651-201-6087</cntvoice><cntfax>651-201-6102</cntfax><cntemail>Karl.Hillstrom@state.mn.us</cntemail></cntinfo></metc></metainfo><spref><horizsys><planar><gridsys><gridsysn>Universal Transverse Mercator</gridsysn><utm><utmzone>15</utmzone></utm></gridsys><planci><plandu>meters</plandu></planci></planar><geodetic><horizdn>NAD83</horizdn><ellips>GRS80</ellips></geodetic></horizsys></spref></metadata>